grupo,programa,fecha,letra
becas,becas,2024-12-02,A
becas,becas,2024-12-03,B
becas,becas,2024-12-04,C
becas,becas,2024-12-05,D
becas,becas,2024-12-05,E
becas,becas,2024-12-05,F
becas,becas,2024-12-06,G
becas,becas,2024-12-09,G
becas,becas,2024-12-10,H
becas,becas,2024-12-10,I
becas,becas,2024-12-10,J
becas,becas,2024-12-10,K
becas,becas,2024-12-11,L
becas,becas,2024-12-13,M
becas,becas,2024-12-16,M
becas,becas,2024-12-17,N
becas,becas,2024-12-17,O
becas,becas,2024-12-17,Ñ
becas,becas,2024-12-18,P
becas,becas,2024-12-18,Q
becas,becas,2024-12-19,R
becas,becas,2024-12-20,R
becas,becas,2024-12-23,S
becas,becas,2024-12-24,T
becas,becas,2024-12-24,U
becas,becas,2024-12-24,V
becas,becas,2024-12-24,W
becas,becas,2024-12-24,X
becas,becas,2024-12-24,Y
becas,becas,2024-12-24,Z
becas,becas,2025-02-04,A
becas,becas,2025-02-05,B
becas,becas,2025-02-06,C
becas,becas,2025-02-07,C
becas,becas,2025-02-08,D
becas,becas,2025-02-08,E
becas,becas,2025-02-08,F
becas,becas,2025-02-10,G
becas,becas,2025-02-11,G
becas,becas,2025-02-12,H
becas,becas,2025-02-12,I
becas,becas,2025-02-12,J
becas,becas,2025-02-12,K
becas,becas,2025-02-13,L
becas,becas,2025-02-14,M
becas,becas,2025-02-15,M
becas,becas,2025-02-17,N
becas,becas,2025-02-17,O
becas,becas,2025-02-17,Ñ
becas,becas,2025-02-18,P
becas,becas,2025-02-18,Q
becas,becas,2025-02-19,R
becas,becas,2025-02-20,R
becas,becas,2025-02-21,S
becas,becas,2025-02-22,T
becas,becas,2025-02-22,U
becas,becas,2025-02-22,V
becas,becas,2025-02-24,W
becas,becas,2025-02-24,X
becas,becas,2025-02-24,Y
becas,becas,2025-02-24,Z
becas,becas,2025-04-01,A
becas,becas,2025-04-02,B
becas,becas,2025-04-03,C
becas,becas,2025-04-04,C
becas,becas,2025-04-07,D
becas,becas,2025-04-07,E
becas,becas,2025-04-07,F
becas,becas,2025-04-08,G
becas,becas,2025-04-09,G
becas,becas,2025-04-10,H
becas,becas,2025-04-10,I
becas,becas,2025-04-10,J
becas,becas,2025-04-10,K
becas,becas,2025-04-11,L
becas,becas,2025-04-14,M
becas,becas,2025-04-15,M
becas,becas,2025-04-16,N
becas,becas,2025-04-16,O
becas,becas,2025-04-16,Ñ
becas,becas,2025-04-21,P
becas,becas,2025-04-21,Q
becas,becas,2025-04-22,R
becas,becas,2025-04-23,R
becas,becas,2025-04-24,S
becas,becas,2025-04-25,T
becas,becas,2025-04-25,U
becas,becas,2025-04-25,V
becas,becas,2025-04-28,W
becas,becas,2025-04-28,X
becas,becas,2025-04-28,Y
becas,becas,2025-04-28,Z
becas,becas,2025-06-04,A
becas,becas,2025-06-05,B
becas,becas,2025-06-06,C
becas,becas,2025-06-09,C
becas,becas,2025-06-10,D
becas,becas,2025-06-10,E
becas,becas,2025-06-10,F
becas,becas,2025-06-11,G
becas,becas,2025-06-12,G
becas,becas,2025-06-13,H
becas,becas,2025-06-13,I
becas,becas,2025-06-13,J
becas,becas,2025-06-13,K
becas,becas,2025-06-16,L
becas,becas,2025-06-17,M
becas,becas,2025-06-18,M
becas,becas,2025-06-19,N
becas,becas,2025-06-19,O
becas,becas,2025-06-19,Ñ
becas,becas,2025-06-20,P
becas,becas,2025-06-20,Q
becas,becas,2025-06-23,R
becas,becas,2025-06-24,R
becas,becas,2025-06-25,S
becas,becas,2025-06-26,T
becas,becas,2025-06-26,U
becas,becas,2025-06-26,V
becas,becas,2025-06-27,W
becas,becas,2025-06-27,X
becas,becas,2025-06-27,Y
becas,becas,2025-06-27,Z
becas,becas,2025-10-06,A
becas,becas,2025-10-06,B
becas,becas,2025-10-07,C
becas,becas,2025-10-08,D
becas,becas,2025-10-08,E
becas,becas,2025-10-08,F
becas,becas,2025-10-09,G
becas,becas,2025-10-10,H
becas,becas,2025-10-10,I
becas,becas,2025-10-10,J
becas,becas,2025-10-10,K
becas,becas,2025-10-10,L
becas,becas,2025-10-13,M
becas,becas,2025-10-14,N
becas,becas,2025-10-14,O
becas,becas,2025-10-14,P
becas,becas,2025-10-14,Q
becas,becas,2025-10-14,Ñ
becas,becas,2025-10-15,R
becas,becas,2025-10-16,S
becas,becas,2025-10-17,T
becas,becas,2025-10-17,U
becas,becas,2025-10-17,V
becas,becas,2025-10-17,W
becas,becas,2025-10-17,X
becas,becas,2025-10-17,Y
becas,becas,2025-10-17,Z
becas,becas,2025-10-20,A
becas,becas,2025-10-20,B
becas,becas,2025-10-20,C
becas,becas,2025-10-21,D
becas,becas,2025-10-21,E
becas,becas,2025-10-21,F
becas,becas,2025-10-21,G
becas,becas,2025-10-22,H
becas,becas,2025-10-22,I
becas,becas,2025-10-22,J
becas,becas,2025-10-22,K
becas,becas,2025-10-22,L
becas,becas,2025-10-23,M
becas,becas,2025-10-23,N
becas,becas,2025-10-23,O
becas,becas,2025-10-23,Ñ
becas,becas,2025-10-24,P
becas,becas,2025-10-24,Q
becas,becas,2025-10-24,R
becas,becas,2025-10-27,S
becas,becas,2025-10-27,T
becas,becas,2025-10-27,U
becas,becas,2025-10-27,V
becas,becas,2025-10-27,W
becas,becas,2025-10-27,X
becas,becas,2025-10-27,Y
becas,becas,2025-10-27,Z
becas,becas,2025-10-29,TODOS
becas,becas,2025-12-04,A
becas,becas,2025-12-04,B
becas,becas,2025-12-05,C
becas,becas,2025-12-08,D
becas,becas,2025-12-08,E
becas,becas,2025-12-08,F
becas,becas,2025-12-09,G
becas,becas,2025-12-10,H
becas,becas,2025-12-10,I
becas,becas,2025-12-10,J
becas,becas,2025-12-10,K
becas,becas,2025-12-10,L
becas,becas,2025-12-11,M
becas,becas,2025-12-15,N
becas,becas,2025-12-15,O
becas,becas,2025-12-15,P
becas,becas,2025-12-15,Q
becas,becas,2025-12-15,Ñ
becas,becas,2025-12-16,R
becas,becas,2025-12-17,S
becas,becas,2025-12-18,T
becas,becas,2025-12-18,U
becas,becas,2025-12-18,V
becas,becas,2025-12-18,W
becas,becas,2025-12-18,X
becas,becas,2025-12-18,Y
becas,becas,2025-12-18,Z
becas,becas,2026-02-16,A
becas,becas,2026-02-16,B
becas,becas,2026-02-17,C
becas,becas,2026-02-18,D
becas,becas,2026-02-18,E
becas,becas,2026-02-18,F
becas,becas,2026-02-19,G
becas,becas,2026-02-20,H
becas,becas,2026-02-20,I
becas,becas,2026-02-20,J
becas,becas,2026-02-20,K
becas,becas,2026-02-20,L
becas,becas,2026-02-23,M
becas,becas,2026-02-24,N
becas,becas,2026-02-24,O
becas,becas,2026-02-24,P
becas,becas,2026-02-24,Q
becas,becas,2026-02-24,Ñ
becas,becas,2026-02-25,R
becas,becas,2026-02-26,S
becas,becas,2026-02-27,T
becas,becas,2026-02-27,U
becas,becas,2026-02-27,V
becas,becas,2026-02-27,W
becas,becas,2026-02-27,X
becas,becas,2026-02-27,Y
becas,becas,2026-02-27,Z
pensiones,adultos_mayores,2023-03-02,A
pensiones,adultos_mayores,2023-03-02,B
pensiones,adultos_mayores,2023-03-03,C
pensiones,adultos_mayores,2023-03-06,D
pensiones,adultos_mayores,2023-03-06,E
pensiones,adultos_mayores,2023-03-06,F
pensiones,adultos_mayores,2023-03-07,G
pensiones,adultos_mayores,2023-03-08,H
pensiones,adultos_mayores,2023-03-08,I
pensiones,adultos_mayores,2023-03-08,J
pensiones,adultos_mayores,2023-03-08,K
pensiones,adultos_mayores,2023-03-08,L
pensiones,adultos_mayores,2023-03-09,M
pensiones,adultos_mayores,2023-03-10,N
pensiones,adultos_mayores,2023-03-10,O
pensiones,adultos_mayores,2023-03-10,P
pensiones,adultos_mayores,2023-03-10,Q
pensiones,adultos_mayores,2023-03-10,Ñ
pensiones,adultos_mayores,2023-03-13,R
pensiones,adultos_mayores,2023-03-14,S
pensiones,adultos_mayores,2023-03-14,T
pensiones,adultos_mayores,2023-03-14,U
pensiones,adultos_mayores,2023-03-15,V
pensiones,adultos_mayores,2023-03-15,W
pensiones,adultos_mayores,2023-03-15,X
pensiones,adultos_mayores,2023-03-15,Y
pensiones,adultos_mayores,2023-03-15,Z
pensiones,adultos_mayores,2023-05-03,A
pensiones,adultos_mayores,2023-05-03,B
pensiones,adultos_mayores,2023-05-04,C
pensiones,adultos_mayores,2023-05-05,D
pensiones,adultos_mayores,2023-05-05,E
pensiones,adultos_mayores,2023-05-05,F
pensiones,adultos_mayores,2023-05-09,G
pensiones,adultos_mayores,2023-05-10,H
pensiones,adultos_mayores,2023-05-10,I
pensiones,adultos_mayores,2023-05-10,J
pensiones,adultos_mayores,2023-05-10,K
pensiones,adultos_mayores,2023-05-10,L
pensiones,adultos_mayores,2023-05-11,M
pensiones,adultos_mayores,2023-05-12,N
pensiones,adultos_mayores,2023-05-12,O
pensiones,adultos_mayores,2023-05-12,P
pensiones,adultos_mayores,2023-05-12,Q
pensiones,adultos_mayores,2023-05-12,Ñ
pensiones,adultos_mayores,2023-05-15,R
pensiones,adultos_mayores,2023-05-16,S
pensiones,adultos_mayores,2023-05-16,T
pensiones,adultos_mayores,2023-05-16,U
pensiones,adultos_mayores,2023-05-17,V
pensiones,adultos_mayores,2023-05-17,W
pensiones,adultos_mayores,2023-05-17,X
pensiones,adultos_mayores,2023-05-17,Y
pensiones,adultos_mayores,2023-05-17,Z
pensiones,adultos_mayores,2023-07-04,A
pensiones,adultos_mayores,2023-07-04,B
pensiones,adultos_mayores,2023-07-05,C
pensiones,adultos_mayores,2023-07-06,D
pensiones,adultos_mayores,2023-07-06,E
pensiones,adultos_mayores,2023-07-06,F
pensiones,adultos_mayores,2023-07-07,G
pensiones,adultos_mayores,2023-07-10,H
pensiones,adultos_mayores,2023-07-10,I
pensiones,adultos_mayores,2023-07-10,J
pensiones,adultos_mayores,2023-07-10,K
pensiones,adultos_mayores,2023-07-10,L
pensiones,adultos_mayores,2023-07-11,M
pensiones,adultos_mayores,2023-07-12,N
pensiones,adultos_mayores,2023-07-12,O
pensiones,adultos_mayores,2023-07-12,P
pensiones,adultos_mayores,2023-07-12,Q
pensiones,adultos_mayores,2023-07-12,Ñ
pensiones,adultos_mayores,2023-07-13,R
pensiones,adultos_mayores,2023-07-14,S
pensiones,adultos_mayores,2023-07-14,T
pensiones,adultos_mayores,2023-07-14,U
pensiones,adultos_mayores,2023-07-17,V
pensiones,adultos_mayores,2023-07-17,W
pensiones,adultos_mayores,2023-07-17,X
pensiones,adultos_mayores,2023-07-17,Y
pensiones,adultos_mayores,2023-07-17,Z
pensiones,adultos_mayores,2023-09-07,A
pensiones,adultos_mayores,2023-09-08,B
pensiones,adultos_mayores,2023-09-11,C
pensiones,adultos_mayores,2023-09-12,D
pensiones,adultos_mayores,2023-09-12,E
pensiones,adultos_mayores,2023-09-12,F
pensiones,adultos_mayores,2023-09-13,G
pensiones,adultos_mayores,2023-09-14,H
pensiones,adultos_mayores,2023-09-18,I
pensiones,adultos_mayores,2023-09-18,J
pensiones,adultos_mayores,2023-09-18,K
pensiones,adultos_mayores,2023-09-19,L
pensiones,adultos_mayores,2023-09-20,M
pensiones,adultos_mayores,2023-09-21,N
pensiones,adultos_mayores,2023-09-21,O
pensiones,adultos_mayores,2023-09-21,Ñ
pensiones,adultos_mayores,2023-09-22,P
pensiones,adultos_mayores,2023-09-22,Q
pensiones,adultos_mayores,2023-09-25,R
pensiones,adultos_mayores,2023-09-26,S
pensiones,adultos_mayores,2023-09-27,T
pensiones,adultos_mayores,2023-09-27,U
pensiones,adultos_mayores,2023-09-28,V
pensiones,adultos_mayores,2023-09-28,W
pensiones,adultos_mayores,2023-09-28,X
pensiones,adultos_mayores,2023-09-28,Y
pensiones,adultos_mayores,2023-09-28,Z
pensiones,adultos_mayores,2023-11-06,A
pensiones,adultos_mayores,2023-11-07,B
pensiones,adultos_mayores,2023-11-08,C
pensiones,adultos_mayores,2023-11-09,C
pensiones,adultos_mayores,2023-11-10,D
pensiones,adultos_mayores,2023-11-10,E
pensiones,adultos_mayores,2023-11-10,F
pensiones,adultos_mayores,2023-11-13,G
pensiones,adultos_mayores,2023-11-14,G
pensiones,adultos_mayores,2023-11-15,H
pensiones,adultos_mayores,2023-11-15,I
pensiones,adultos_mayores,2023-11-15,J
pensiones,adultos_mayores,2023-11-15,K
pensiones,adultos_mayores,2023-11-16,L
pensiones,adultos_mayores,2023-11-17,M
pensiones,adultos_mayores,2023-11-21,M
pensiones,adultos_mayores,2023-11-22,N
pensiones,adultos_mayores,2023-11-22,O
pensiones,adultos_mayores,2023-11-22,Ñ
pensiones,adultos_mayores,2023-11-23,P
pensiones,adultos_mayores,2023-11-23,Q
pensiones,adultos_mayores,2023-11-24,R
pensiones,adultos_mayores,2023-11-27,R
pensiones,adultos_mayores,2023-11-28,S
pensiones,adultos_mayores,2023-11-29,T
pensiones,adultos_mayores,2023-11-29,U
pensiones,adultos_mayores,2023-11-30,V
pensiones,adultos_mayores,2023-11-30,W
pensiones,adultos_mayores,2023-11-30,X
pensiones,adultos_mayores,2023-11-30,Y
pensiones,adultos_mayores,2023-11-30,Z
pensiones,adultos_mayores,2024-01-03,A
pensiones,adultos_mayores,2024-01-04,B
pensiones,adultos_mayores,2024-01-05,C
pensiones,adultos_mayores,2024-01-08,C
pensiones,adultos_mayores,2024-01-09,D
pensiones,adultos_mayores,2024-01-09,E
pensiones,adultos_mayores,2024-01-09,F
pensiones,adultos_mayores,2024-01-10,G
pensiones,adultos_mayores,2024-01-11,G
pensiones,adultos_mayores,2024-01-12,H
pensiones,adultos_mayores,2024-01-12,I
pensiones,adultos_mayores,2024-01-12,J
pensiones,adultos_mayores,2024-01-12,K
pensiones,adultos_mayores,2024-01-15,L
pensiones,adultos_mayores,2024-01-16,M
pensiones,adultos_mayores,2024-01-17,M
pensiones,adultos_mayores,2024-01-18,N
pensiones,adultos_mayores,2024-01-18,O
pensiones,adultos_mayores,2024-01-18,Ñ
pensiones,adultos_mayores,2024-01-19,P
pensiones,adultos_mayores,2024-01-19,Q
pensiones,adultos_mayores,2024-01-22,R
pensiones,adultos_mayores,2024-01-23,R
pensiones,adultos_mayores,2024-01-24,S
pensiones,adultos_mayores,2024-01-25,T
pensiones,adultos_mayores,2024-01-25,U
pensiones,adultos_mayores,2024-01-26,V
pensiones,adultos_mayores,2024-01-26,W
pensiones,adultos_mayores,2024-01-26,X
pensiones,adultos_mayores,2024-01-26,Y
pensiones,adultos_mayores,2024-01-26,Z
pensiones,adultos_mayores,2024-01-29,A
pensiones,adultos_mayores,2024-01-30,B
pensiones,adultos_mayores,2024-01-31,C
pensiones,adultos_mayores,2024-02-01,C
pensiones,adultos_mayores,2024-02-02,D
pensiones,adultos_mayores,2024-02-02,E
pensiones,adultos_mayores,2024-02-02,F
pensiones,adultos_mayores,2024-02-06,G
pensiones,adultos_mayores,2024-02-07,G
pensiones,adultos_mayores,2024-02-08,H
pensiones,adultos_mayores,2024-02-09,I
pensiones,adultos_mayores,2024-02-09,J
pensiones,adultos_mayores,2024-02-09,K
pensiones,adultos_mayores,2024-02-12,L
pensiones,adultos_mayores,2024-02-13,M
pensiones,adultos_mayores,2024-02-14,M
pensiones,adultos_mayores,2024-02-15,N
pensiones,adultos_mayores,2024-02-15,O
pensiones,adultos_mayores,2024-02-15,Ñ
pensiones,adultos_mayores,2024-02-16,P
pensiones,adultos_mayores,2024-02-16,Q
pensiones,adultos_mayores,2024-02-19,R
pensiones,adultos_mayores,2024-02-20,R
pensiones,adultos_mayores,2024-02-21,S
pensiones,adultos_mayores,2024-02-22,T
pensiones,adultos_mayores,2024-02-22,U
pensiones,adultos_mayores,2024-02-23,V
pensiones,adultos_mayores,2024-02-23,W
pensiones,adultos_mayores,2024-02-23,X
pensiones,adultos_mayores,2024-02-23,Y
pensiones,adultos_mayores,2024-02-23,Z
pensiones,adultos_mayores,2024-07-01,A
pensiones,adultos_mayores,2024-07-02,B
pensiones,adultos_mayores,2024-07-03,C
pensiones,adultos_mayores,2024-07-04,C
pensiones,adultos_mayores,2024-07-05,D
pensiones,adultos_mayores,2024-07-05,E
pensiones,adultos_mayores,2024-07-05,F
pensiones,adultos_mayores,2024-07-06,G
pensiones,adultos_mayores,2024-07-08,G
pensiones,adultos_mayores,2024-07-09,H
pensiones,adultos_mayores,2024-07-09,I
pensiones,adultos_mayores,2024-07-09,J
pensiones,adultos_mayores,2024-07-09,K
pensiones,adultos_mayores,2024-07-10,L
pensiones,adultos_mayores,2024-07-11,M
pensiones,adultos_mayores,2024-07-12,M
pensiones,adultos_mayores,2024-07-13,N
pensiones,adultos_mayores,2024-07-13,O
pensiones,adultos_mayores,2024-07-13,P
pensiones,adultos_mayores,2024-07-13,Q
pensiones,adultos_mayores,2024-07-13,Ñ
pensiones,adultos_mayores,2024-07-15,R
pensiones,adultos_mayores,2024-07-16,R
pensiones,adultos_mayores,2024-07-17,S
pensiones,adultos_mayores,2024-07-18,T
pensiones,adultos_mayores,2024-07-19,U
pensiones,adultos_mayores,2024-07-19,V
pensiones,adultos_mayores,2024-07-19,W
pensiones,adultos_mayores,2024-07-19,X
pensiones,adultos_mayores,2024-07-19,Y
pensiones,adultos_mayores,2024-07-19,Z
pensiones,adultos_mayores,2024-09-02,A
pensiones,adultos_mayores,2024-09-03,B
pensiones,adultos_mayores,2024-09-04,C
pensiones,adultos_mayores,2024-09-05,C
pensiones,adultos_mayores,2024-09-06,D
pensiones,adultos_mayores,2024-09-06,E
pensiones,adultos_mayores,2024-09-06,F
pensiones,adultos_mayores,2024-09-07,G
pensiones,adultos_mayores,2024-09-09,G
pensiones,adultos_mayores,2024-09-10,H
pensiones,adultos_mayores,2024-09-10,I
pensiones,adultos_mayores,2024-09-10,J
pensiones,adultos_mayores,2024-09-10,K
pensiones,adultos_mayores,2024-09-11,L
pensiones,adultos_mayores,2024-09-12,M
pensiones,adultos_mayores,2024-09-13,M
pensiones,adultos_mayores,2024-09-14,N
pensiones,adultos_mayores,2024-09-14,O
pensiones,adultos_mayores,2024-09-14,P
pensiones,adultos_mayores,2024-09-14,Q
pensiones,adultos_mayores,2024-09-14,Ñ
pensiones,adultos_mayores,2024-09-18,R
pensiones,adultos_mayores,2024-09-19,S
pensiones,adultos_mayores,2024-09-20,T
pensiones,adultos_mayores,2024-09-20,U
pensiones,adultos_mayores,2024-09-20,V
pensiones,adultos_mayores,2024-09-21,W
pensiones,adultos_mayores,2024-09-21,X
pensiones,adultos_mayores,2024-09-21,Y
pensiones,adultos_mayores,2024-09-21,Z
pensiones,adultos_mayores,2024-11-04,A
pensiones,adultos_mayores,2024-11-05,B
pensiones,adultos_mayores,2024-11-06,C
pensiones,adultos_mayores,2024-11-07,C
pensiones,adultos_mayores,2024-11-08,D
pensiones,adultos_mayores,2024-11-08,E
pensiones,adultos_mayores,2024-11-08,F
pensiones,adultos_mayores,2024-11-11,G
pensiones,adultos_mayores,2024-11-12,G
pensiones,adultos_mayores,2024-11-13,H
pensiones,adultos_mayores,2024-11-13,I
pensiones,adultos_mayores,2024-11-13,J
pensiones,adultos_mayores,2024-11-13,K
pensiones,adultos_mayores,2024-11-14,L
pensiones,adultos_mayores,2024-11-15,M
pensiones,adultos_mayores,2024-11-19,M
pensiones,adultos_mayores,2024-11-20,N
pensiones,adultos_mayores,2024-11-20,O
pensiones,adultos_mayores,2024-11-20,Ñ
pensiones,adultos_mayores,2024-11-21,P
pensiones,adultos_mayores,2024-11-21,Q
pensiones,adultos_mayores,2024-11-22,R
pensiones,adultos_mayores,2024-11-25,R
pensiones,adultos_mayores,2024-11-26,S
pensiones,adultos_mayores,2024-11-27,T
pensiones,adultos_mayores,2024-11-27,U
pensiones,adultos_mayores,2024-11-27,V
pensiones,adultos_mayores,2024-11-28,W
pensiones,adultos_mayores,2024-11-28,X
pensiones,adultos_mayores,2024-11-28,Y
pensiones,adultos_mayores,2024-11-28,Z
pensiones,adultos_mayores,2025-01-02,A
pensiones,adultos_mayores,2025-01-03,B
pensiones,adultos_mayores,2025-01-04,C
pensiones,adultos_mayores,2025-01-06,C
pensiones,adultos_mayores,2025-01-07,D
pensiones,adultos_mayores,2025-01-07,E
pensiones,adultos_mayores,2025-01-07,F
pensiones,adultos_mayores,2025-01-08,G
pensiones,adultos_mayores,2025-01-09,G
pensiones,adultos_mayores,2025-01-10,H
pensiones,adultos_mayores,2025-01-10,I
pensiones,adultos_mayores,2025-01-10,J
pensiones,adultos_mayores,2025-01-10,K
pensiones,adultos_mayores,2025-01-11,L
pensiones,adultos_mayores,2025-01-13,M
pensiones,adultos_mayores,2025-01-14,M
pensiones,adultos_mayores,2025-01-15,N
pensiones,adultos_mayores,2025-01-15,O
pensiones,adultos_mayores,2025-01-15,Ñ
pensiones,adultos_mayores,2025-01-16,P
pensiones,adultos_mayores,2025-01-16,Q
pensiones,adultos_mayores,2025-01-17,R
pensiones,adultos_mayores,2025-01-18,R
pensiones,adultos_mayores,2025-01-20,S
pensiones,adultos_mayores,2025-01-21,T
pensiones,adultos_mayores,2025-01-21,U
pensiones,adultos_mayores,2025-01-21,V
pensiones,adultos_mayores,2025-01-22,W
pensiones,adultos_mayores,2025-01-22,X
pensiones,adultos_mayores,2025-01-22,Y
pensiones,adultos_mayores,2025-01-22,Z
pensiones,adultos_mayores,2025-03-03,A
pensiones,adultos_mayores,2025-03-04,B
pensiones,adultos_mayores,2025-03-05,C
pensiones,adultos_mayores,2025-03-06,C
pensiones,adultos_mayores,2025-03-07,D
pensiones,adultos_mayores,2025-03-07,E
pensiones,adultos_mayores,2025-03-07,F
pensiones,adultos_mayores,2025-03-10,G
pensiones,adultos_mayores,2025-03-11,G
pensiones,adultos_mayores,2025-03-12,H
pensiones,adultos_mayores,2025-03-12,I
pensiones,adultos_mayores,2025-03-12,J
pensiones,adultos_mayores,2025-03-12,K
pensiones,adultos_mayores,2025-03-13,L
pensiones,adultos_mayores,2025-03-14,M
pensiones,adultos_mayores,2025-03-17,M
pensiones,adultos_mayores,2025-03-18,N
pensiones,adultos_mayores,2025-03-18,O
pensiones,adultos_mayores,2025-03-18,Ñ
pensiones,adultos_mayores,2025-03-19,P
pensiones,adultos_mayores,2025-03-19,Q
pensiones,adultos_mayores,2025-03-20,R
pensiones,adultos_mayores,2025-03-24,R
pensiones,adultos_mayores,2025-03-25,S
pensiones,adultos_mayores,2025-03-26,T
pensiones,adultos_mayores,2025-03-26,U
pensiones,adultos_mayores,2025-03-26,V
pensiones,adultos_mayores,2025-03-27,W
pensiones,adultos_mayores,2025-03-27,X
pensiones,adultos_mayores,2025-03-27,Y
pensiones,adultos_mayores,2025-03-27,Z
pensiones,adultos_mayores,2025-05-07,A
pensiones,adultos_mayores,2025-05-08,B
pensiones,adultos_mayores,2025-05-09,C
pensiones,adultos_mayores,2025-05-12,C
pensiones,adultos_mayores,2025-05-13,D
pensiones,adultos_mayores,2025-05-13,E
pensiones,adultos_mayores,2025-05-13,F
pensiones,adultos_mayores,2025-05-14,G
pensiones,adultos_mayores,2025-05-15,G
pensiones,adultos_mayores,2025-05-16,H
pensiones,adultos_mayores,2025-05-16,I
pensiones,adultos_mayores,2025-05-16,J
pensiones,adultos_mayores,2025-05-16,K
pensiones,adultos_mayores,2025-05-19,L
pensiones,adultos_mayores,2025-05-20,M
pensiones,adultos_mayores,2025-05-21,M
pensiones,adultos_mayores,2025-05-22,N
pensiones,adultos_mayores,2025-05-22,O
pensiones,adultos_mayores,2025-05-22,Ñ
pensiones,adultos_mayores,2025-05-23,P
pensiones,adultos_mayores,2025-05-23,Q
pensiones,adultos_mayores,2025-05-26,R
pensiones,adultos_mayores,2025-05-27,R
pensiones,adultos_mayores,2025-05-28,S
pensiones,adultos_mayores,2025-05-29,T
pensiones,adultos_mayores,2025-05-29,U
pensiones,adultos_mayores,2025-05-29,V
pensiones,adultos_mayores,2025-05-30,W
pensiones,adultos_mayores,2025-05-30,X
pensiones,adultos_mayores,2025-05-30,Y
pensiones,adultos_mayores,2025-05-30,Z
pensiones,adultos_mayores,2025-07-01,A
pensiones,adultos_mayores,2025-07-02,B
pensiones,adultos_mayores,2025-07-03,C
pensiones,adultos_mayores,2025-07-04,C
pensiones,adultos_mayores,2025-07-07,D
pensiones,adultos_mayores,2025-07-07,E
pensiones,adultos_mayores,2025-07-07,F
pensiones,adultos_mayores,2025-07-08,G
pensiones,adultos_mayores,2025-07-09,G
pensiones,adultos_mayores,2025-07-10,H
pensiones,adultos_mayores,2025-07-10,I
pensiones,adultos_mayores,2025-07-10,J
pensiones,adultos_mayores,2025-07-10,K
pensiones,adultos_mayores,2025-07-11,L
pensiones,adultos_mayores,2025-07-14,M
pensiones,adultos_mayores,2025-07-15,M
pensiones,adultos_mayores,2025-07-16,N
pensiones,adultos_mayores,2025-07-16,O
pensiones,adultos_mayores,2025-07-16,Ñ
pensiones,adultos_mayores,2025-07-17,P
pensiones,adultos_mayores,2025-07-17,Q
pensiones,adultos_mayores,2025-07-18,R
pensiones,adultos_mayores,2025-07-21,R
pensiones,adultos_mayores,2025-07-22,S
pensiones,adultos_mayores,2025-07-23,T
pensiones,adultos_mayores,2025-07-23,U
pensiones,adultos_mayores,2025-07-23,V
pensiones,adultos_mayores,2025-07-24,W
pensiones,adultos_mayores,2025-07-24,X
pensiones,adultos_mayores,2025-07-24,Y
pensiones,adultos_mayores,2025-07-24,Z
pensiones,adultos_mayores,2025-09-01,A
pensiones,adultos_mayores,2025-09-02,B
pensiones,adultos_mayores,2025-09-03,C
pensiones,adultos_mayores,2025-09-04,C
pensiones,adultos_mayores,2025-09-05,D
pensiones,adultos_mayores,2025-09-05,E
pensiones,adultos_mayores,2025-09-05,F
pensiones,adultos_mayores,2025-09-08,G
pensiones,adultos_mayores,2025-09-09,G
pensiones,adultos_mayores,2025-09-10,H
pensiones,adultos_mayores,2025-09-10,I
pensiones,adultos_mayores,2025-09-10,J
pensiones,adultos_mayores,2025-09-10,K
pensiones,adultos_mayores,2025-09-11,L
pensiones,adultos_mayores,2025-09-12,M
pensiones,adultos_mayores,2025-09-15,M
pensiones,adultos_mayores,2025-09-17,N
pensiones,adultos_mayores,2025-09-17,O
pensiones,adultos_mayores,2025-09-17,Ñ
pensiones,adultos_mayores,2025-09-18,P
pensiones,adultos_mayores,2025-09-18,Q
pensiones,adultos_mayores,2025-09-19,R
pensiones,adultos_mayores,2025-09-22,R
pensiones,adultos_mayores,2025-09-23,S
pensiones,adultos_mayores,2025-09-24,T
pensiones,adultos_mayores,2025-09-24,U
pensiones,adultos_mayores,2025-09-24,V
pensiones,adultos_mayores,2025-09-25,W
pensiones,adultos_mayores,2025-09-25,X
pensiones,adultos_mayores,2025-09-25,Y
pensiones,adultos_mayores,2025-09-25,Z
pensiones,adultos_mayores,2025-11-03,A
pensiones,adultos_mayores,2025-11-04,B
pensiones,adultos_mayores,2025-11-05,C
pensiones,adultos_mayores,2025-11-06,C
pensiones,adultos_mayores,2025-11-07,D
pensiones,adultos_mayores,2025-11-07,E
pensiones,adultos_mayores,2025-11-07,F
pensiones,adultos_mayores,2025-11-10,G
pensiones,adultos_mayores,2025-11-11,G
pensiones,adultos_mayores,2025-11-12,H
pensiones,adultos_mayores,2025-11-12,I
pensiones,adultos_mayores,2025-11-12,J
pensiones,adultos_mayores,2025-11-12,K
pensiones,adultos_mayores,2025-11-13,L
pensiones,adultos_mayores,2025-11-14,M
pensiones,adultos_mayores,2025-11-18,M
pensiones,adultos_mayores,2025-11-19,N
pensiones,adultos_mayores,2025-11-19,O
pensiones,adultos_mayores,2025-11-19,Ñ
pensiones,adultos_mayores,2025-11-20,P
pensiones,adultos_mayores,2025-11-20,Q
pensiones,adultos_mayores,2025-11-21,R
pensiones,adultos_mayores,2025-11-24,R
pensiones,adultos_mayores,2025-11-25,S
pensiones,adultos_mayores,2025-11-26,T
pensiones,adultos_mayores,2025-11-26,U
pensiones,adultos_mayores,2025-11-26,V
pensiones,adultos_mayores,2025-11-27,W
pensiones,adultos_mayores,2025-11-27,X
pensiones,adultos_mayores,2025-11-27,Y
pensiones,adultos_mayores,2025-11-27,Z
pensiones,adultos_mayores,2026-01-05,A
pensiones,adultos_mayores,2026-01-06,B
pensiones,adultos_mayores,2026-01-07,C
pensiones,adultos_mayores,2026-01-08,C
pensiones,adultos_mayores,2026-01-09,D
pensiones,adultos_mayores,2026-01-09,E
pensiones,adultos_mayores,2026-01-09,F
pensiones,adultos_mayores,2026-01-12,G
pensiones,adultos_mayores,2026-01-13,G
pensiones,adultos_mayores,2026-01-14,H
pensiones,adultos_mayores,2026-01-14,I
pensiones,adultos_mayores,2026-01-14,J
pensiones,adultos_mayores,2026-01-14,K
pensiones,adultos_mayores,2026-01-15,L
pensiones,adultos_mayores,2026-01-16,M
pensiones,adultos_mayores,2026-01-19,M
pensiones,adultos_mayores,2026-01-20,N
pensiones,adultos_mayores,2026-01-20,O
pensiones,adultos_mayores,2026-01-20,Ñ
pensiones,adultos_mayores,2026-01-21,P
pensiones,adultos_mayores,2026-01-21,Q
pensiones,adultos_mayores,2026-01-22,R
pensiones,adultos_mayores,2026-01-23,R
pensiones,adultos_mayores,2026-01-26,S
pensiones,adultos_mayores,2026-01-27,T
pensiones,adultos_mayores,2026-01-27,U
pensiones,adultos_mayores,2026-01-27,V
pensiones,adultos_mayores,2026-01-28,W
pensiones,adultos_mayores,2026-01-28,X
pensiones,adultos_mayores,2026-01-28,Y
pensiones,adultos_mayores,2026-01-28,Z
pensiones,discapacidad,2023-03-02,A
pensiones,discapacidad,2023-03-02,B
pensiones,discapacidad,2023-03-03,C
pensiones,discapacidad,2023-03-06,D
pensiones,discapacidad,2023-03-06,E
pensiones,discapacidad,2023-03-06,F
pensiones,discapacidad,2023-03-07,G
pensiones,discapacidad,2023-03-08,H
pensiones,discapacidad,2023-03-08,I
pensiones,discapacidad,2023-03-08,J
pensiones,discapacidad,2023-03-08,K
pensiones,discapacidad,2023-03-08,L
pensiones,discapacidad,2023-03-09,M
pensiones,discapacidad,2023-03-10,N
pensiones,discapacidad,2023-03-10,O
pensiones,discapacidad,2023-03-10,P
pensiones,discapacidad,2023-03-10,Q
pensiones,discapacidad,2023-03-10,Ñ
pensiones,discapacidad,2023-03-13,R
pensiones,discapacidad,2023-03-14,S
pensiones,discapacidad,2023-03-14,T
pensiones,discapacidad,2023-03-14,U
pensiones,discapacidad,2023-03-15,V
pensiones,discapacidad,2023-03-15,W
pensiones,discapacidad,2023-03-15,X
pensiones,discapacidad,2023-03-15,Y
pensiones,discapacidad,2023-03-15,Z
pensiones,discapacidad,2023-05-03,A
pensiones,discapacidad,2023-05-03,B
pensiones,discapacidad,2023-05-04,C
pensiones,discapacidad,2023-05-05,D
pensiones,discapacidad,2023-05-05,E
pensiones,discapacidad,2023-05-05,F
pensiones,discapacidad,2023-05-09,G
pensiones,discapacidad,2023-05-10,H
pensiones,discapacidad,2023-05-10,I
pensiones,discapacidad,2023-05-10,J
pensiones,discapacidad,2023-05-10,K
pensiones,discapacidad,2023-05-10,L
pensiones,discapacidad,2023-05-11,M
pensiones,discapacidad,2023-05-12,N
pensiones,discapacidad,2023-05-12,O
pensiones,discapacidad,2023-05-12,P
pensiones,discapacidad,2023-05-12,Q
pensiones,discapacidad,2023-05-12,Ñ
pensiones,discapacidad,2023-05-15,R
pensiones,discapacidad,2023-05-16,S
pensiones,discapacidad,2023-05-16,T
pensiones,discapacidad,2023-05-16,U
pensiones,discapacidad,2023-05-17,V
pensiones,discapacidad,2023-05-17,W
pensiones,discapacidad,2023-05-17,X
pensiones,discapacidad,2023-05-17,Y
pensiones,discapacidad,2023-05-17,Z
pensiones,discapacidad,2023-07-04,A
pensiones,discapacidad,2023-07-04,B
pensiones,discapacidad,2023-07-05,C
pensiones,discapacidad,2023-07-06,D
pensiones,discapacidad,2023-07-06,E
pensiones,discapacidad,2023-07-06,F
pensiones,discapacidad,2023-07-07,G
pensiones,discapacidad,2023-07-10,H
pensiones,discapacidad,2023-07-10,I
pensiones,discapacidad,2023-07-10,J
pensiones,discapacidad,2023-07-10,K
pensiones,discapacidad,2023-07-10,L
pensiones,discapacidad,2023-07-11,M
pensiones,discapacidad,2023-07-12,N
pensiones,discapacidad,2023-07-12,O
pensiones,discapacidad,2023-07-12,P
pensiones,discapacidad,2023-07-12,Q
pensiones,discapacidad,2023-07-12,Ñ
pensiones,discapacidad,2023-07-13,R
pensiones,discapacidad,2023-07-14,S
pensiones,discapacidad,2023-07-14,T
pensiones,discapacidad,2023-07-14,U
pensiones,discapacidad,2023-07-17,V
pensiones,discapacidad,2023-07-17,W
pensiones,discapacidad,2023-07-17,X
pensiones,discapacidad,2023-07-17,Y
pensiones,discapacidad,2023-07-17,Z
pensiones,discapacidad,2023-09-07,A
pensiones,discapacidad,2023-09-08,B
pensiones,discapacidad,2023-09-11,C
pensiones,discapacidad,2023-09-12,D
pensiones,discapacidad,2023-09-12,E
pensiones,discapacidad,2023-09-12,F
pensiones,discapacidad,2023-09-13,G
pensiones,discapacidad,2023-09-14,H
pensiones,discapacidad,2023-09-18,I
pensiones,discapacidad,2023-09-18,J
pensiones,discapacidad,2023-09-18,K
pensiones,discapacidad,2023-09-19,L
pensiones,discapacidad,2023-09-20,M
pensiones,discapacidad,2023-09-21,N
pensiones,discapacidad,2023-09-21,O
pensiones,discapacidad,2023-09-21,Ñ
pensiones,discapacidad,2023-09-22,P
pensiones,discapacidad,2023-09-22,Q
pensiones,discapacidad,2023-09-25,R
pensiones,discapacidad,2023-09-26,S
pensiones,discapacidad,2023-09-27,T
pensiones,discapacidad,2023-09-27,U
pensiones,discapacidad,2023-09-28,V
pensiones,discapacidad,2023-09-28,W
pensiones,discapacidad,2023-09-28,X
pensiones,discapacidad,2023-09-28,Y
pensiones,discapacidad,2023-09-28,Z
pensiones,discapacidad,2023-11-06,A
pensiones,discapacidad,2023-11-07,B
pensiones,discapacidad,2023-11-08,C
pensiones,discapacidad,2023-11-09,C
pensiones,discapacidad,2023-11-10,D
pensiones,discapacidad,2023-11-10,E
pensiones,discapacidad,2023-11-10,F
pensiones,discapacidad,2023-11-13,G
pensiones,discapacidad,2023-11-14,G
pensiones,discapacidad,2023-11-15,H
pensiones,discapacidad,2023-11-15,I
pensiones,discapacidad,2023-11-15,J
pensiones,discapacidad,2023-11-15,K
pensiones,discapacidad,2023-11-16,L
pensiones,discapacidad,2023-11-17,M
pensiones,discapacidad,2023-11-21,M
pensiones,discapacidad,2023-11-22,N
pensiones,discapacidad,2023-11-22,O
pensiones,discapacidad,2023-11-22,Ñ
pensiones,discapacidad,2023-11-23,P
pensiones,discapacidad,2023-11-23,Q
pensiones,discapacidad,2023-11-24,R
pensiones,discapacidad,2023-11-27,R
pensiones,discapacidad,2023-11-28,S
pensiones,discapacidad,2023-11-29,T
pensiones,discapacidad,2023-11-29,U
pensiones,discapacidad,2023-11-30,V
pensiones,discapacidad,2023-11-30,W
pensiones,discapacidad,2023-11-30,X
pensiones,discapacidad,2023-11-30,Y
pensiones,discapacidad,2023-11-30,Z
pensiones,discapacidad,2024-01-03,A
pensiones,discapacidad,2024-01-04,B
pensiones,discapacidad,2024-01-05,C
pensiones,discapacidad,2024-01-08,C
pensiones,discapacidad,2024-01-09,D
pensiones,discapacidad,2024-01-09,E
pensiones,discapacidad,2024-01-09,F
pensiones,discapacidad,2024-01-10,G
pensiones,discapacidad,2024-01-11,G
pensiones,discapacidad,2024-01-12,H
pensiones,discapacidad,2024-01-12,I
pensiones,discapacidad,2024-01-12,J
pensiones,discapacidad,2024-01-12,K
pensiones,discapacidad,2024-01-15,L
pensiones,discapacidad,2024-01-16,M
pensiones,discapacidad,2024-01-17,M
pensiones,discapacidad,2024-01-18,N
pensiones,discapacidad,2024-01-18,O
pensiones,discapacidad,2024-01-18,Ñ
pensiones,discapacidad,2024-01-19,P
pensiones,discapacidad,2024-01-19,Q
pensiones,discapacidad,2024-01-22,R
pensiones,discapacidad,2024-01-23,R
pensiones,discapacidad,2024-01-24,S
pensiones,discapacidad,2024-01-25,T
pensiones,discapacidad,2024-01-25,U
pensiones,discapacidad,2024-01-26,V
pensiones,discapacidad,2024-01-26,W
pensiones,discapacidad,2024-01-26,X
pensiones,discapacidad,2024-01-26,Y
pensiones,discapacidad,2024-01-26,Z
pensiones,discapacidad,2024-01-29,A
pensiones,discapacidad,2024-01-30,B
pensiones,discapacidad,2024-01-31,C
pensiones,discapacidad,2024-02-01,C
pensiones,discapacidad,2024-02-02,D
pensiones,discapacidad,2024-02-02,E
pensiones,discapacidad,2024-02-02,F
pensiones,discapacidad,2024-02-06,G
pensiones,discapacidad,2024-02-07,G
pensiones,discapacidad,2024-02-08,H
pensiones,discapacidad,2024-02-09,I
pensiones,discapacidad,2024-02-09,J
pensiones,discapacidad,2024-02-09,K
pensiones,discapacidad,2024-02-12,L
pensiones,discapacidad,2024-02-13,M
pensiones,discapacidad,2024-02-14,M
pensiones,discapacidad,2024-02-15,N
pensiones,discapacidad,2024-02-15,O
pensiones,discapacidad,2024-02-15,Ñ
pensiones,discapacidad,2024-02-16,P
pensiones,discapacidad,2024-02-16,Q
pensiones,discapacidad,2024-02-19,R
pensiones,discapacidad,2024-02-20,R
pensiones,discapacidad,2024-02-21,S
pensiones,discapacidad,2024-02-22,T
pensiones,discapacidad,2024-02-22,U
pensiones,discapacidad,2024-02-23,V
pensiones,discapacidad,2024-02-23,W
pensiones,discapacidad,2024-02-23,X
pensiones,discapacidad,2024-02-23,Y
pensiones,discapacidad,2024-02-23,Z
pensiones,discapacidad,2024-07-01,A
pensiones,discapacidad,2024-07-02,B
pensiones,discapacidad,2024-07-03,C
pensiones,discapacidad,2024-07-04,C
pensiones,discapacidad,2024-07-05,D
pensiones,discapacidad,2024-07-05,E
pensiones,discapacidad,2024-07-05,F
pensiones,discapacidad,2024-07-06,G
pensiones,discapacidad,2024-07-08,G
pensiones,discapacidad,2024-07-09,H
pensiones,discapacidad,2024-07-09,I
pensiones,discapacidad,2024-07-09,J
pensiones,discapacidad,2024-07-09,K
pensiones,discapacidad,2024-07-10,L
pensiones,discapacidad,2024-07-11,M
pensiones,discapacidad,2024-07-12,M
pensiones,discapacidad,2024-07-13,N
pensiones,discapacidad,2024-07-13,O
pensiones,discapacidad,2024-07-13,P
pensiones,discapacidad,2024-07-13,Q
pensiones,discapacidad,2024-07-13,Ñ
pensiones,discapacidad,2024-07-15,R
pensiones,discapacidad,2024-07-16,R
pensiones,discapacidad,2024-07-17,S
pensiones,discapacidad,2024-07-18,T
pensiones,discapacidad,2024-07-19,U
pensiones,discapacidad,2024-07-19,V
pensiones,discapacidad,2024-07-19,W
pensiones,discapacidad,2024-07-19,X
pensiones,discapacidad,2024-07-19,Y
pensiones,discapacidad,2024-07-19,Z
pensiones,discapacidad,2024-09-02,A
pensiones,discapacidad,2024-09-03,B
pensiones,discapacidad,2024-09-04,C
pensiones,discapacidad,2024-09-05,C
pensiones,discapacidad,2024-09-06,D
pensiones,discapacidad,2024-09-06,E
pensiones,discapacidad,2024-09-06,F
pensiones,discapacidad,2024-09-07,G
pensiones,discapacidad,2024-09-09,G
pensiones,discapacidad,2024-09-10,H
pensiones,discapacidad,2024-09-10,I
pensiones,discapacidad,2024-09-10,J
pensiones,discapacidad,2024-09-10,K
pensiones,discapacidad,2024-09-11,L
pensiones,discapacidad,2024-09-12,M
pensiones,discapacidad,2024-09-13,M
pensiones,discapacidad,2024-09-14,N
pensiones,discapacidad,2024-09-14,O
pensiones,discapacidad,2024-09-14,P
pensiones,discapacidad,2024-09-14,Q
pensiones,discapacidad,2024-09-14,Ñ
pensiones,discapacidad,2024-09-18,R
pensiones,discapacidad,2024-09-19,S
pensiones,discapacidad,2024-09-20,T
pensiones,discapacidad,2024-09-20,U
pensiones,discapacidad,2024-09-20,V
pensiones,discapacidad,2024-09-21,W
pensiones,discapacidad,2024-09-21,X
pensiones,discapacidad,2024-09-21,Y
pensiones,discapacidad,2024-09-21,Z
pensiones,discapacidad,2024-11-04,A
pensiones,discapacidad,2024-11-05,B
pensiones,discapacidad,2024-11-06,C
pensiones,discapacidad,2024-11-07,C
pensiones,discapacidad,2024-11-08,D
pensiones,discapacidad,2024-11-08,E
pensiones,discapacidad,2024-11-08,F
pensiones,discapacidad,2024-11-11,G
pensiones,discapacidad,2024-11-12,G
pensiones,discapacidad,2024-11-13,H
pensiones,discapacidad,2024-11-13,I
pensiones,discapacidad,2024-11-13,J
pensiones,discapacidad,2024-11-13,K
pensiones,discapacidad,2024-11-14,L
pensiones,discapacidad,2024-11-15,M
pensiones,discapacidad,2024-11-19,M
pensiones,discapacidad,2024-11-20,N
pensiones,discapacidad,2024-11-20,O
pensiones,discapacidad,2024-11-20,Ñ
pensiones,discapacidad,2024-11-21,P
pensiones,discapacidad,2024-11-21,Q
pensiones,discapacidad,2024-11-22,R
pensiones,discapacidad,2024-11-25,R
pensiones,discapacidad,2024-11-26,S
pensiones,discapacidad,2024-11-27,T
pensiones,discapacidad,2024-11-27,U
pensiones,discapacidad,2024-11-27,V
pensiones,discapacidad,2024-11-28,W
pensiones,discapacidad,2024-11-28,X
pensiones,discapacidad,2024-11-28,Y
pensiones,discapacidad,2024-11-28,Z
pensiones,discapacidad,2025-01-02,A
pensiones,discapacidad,2025-01-03,B
pensiones,discapacidad,2025-01-04,C
pensiones,discapacidad,2025-01-06,C
pensiones,discapacidad,2025-01-07,D
pensiones,discapacidad,2025-01-07,E
pensiones,discapacidad,2025-01-07,F
pensiones,discapacidad,2025-01-08,G
pensiones,discapacidad,2025-01-09,G
pensiones,discapacidad,2025-01-10,H
pensiones,discapacidad,2025-01-10,I
pensiones,discapacidad,2025-01-10,J
pensiones,discapacidad,2025-01-10,K
pensiones,discapacidad,2025-01-11,L
pensiones,discapacidad,2025-01-13,M
pensiones,discapacidad,2025-01-14,M
pensiones,discapacidad,2025-01-15,N
pensiones,discapacidad,2025-01-15,O
pensiones,discapacidad,2025-01-15,Ñ
pensiones,discapacidad,2025-01-16,P
pensiones,discapacidad,2025-01-16,Q
pensiones,discapacidad,2025-01-17,R
pensiones,discapacidad,2025-01-18,R
pensiones,discapacidad,2025-01-20,S
pensiones,discapacidad,2025-01-21,T
pensiones,discapacidad,2025-01-21,U
pensiones,discapacidad,2025-01-21,V
pensiones,discapacidad,2025-01-22,W
pensiones,discapacidad,2025-01-22,X
pensiones,discapacidad,2025-01-22,Y
pensiones,discapacidad,2025-01-22,Z
pensiones,discapacidad,2025-03-03,A
pensiones,discapacidad,2025-03-04,B
pensiones,discapacidad,2025-03-05,C
pensiones,discapacidad,2025-03-06,C
pensiones,discapacidad,2025-03-07,D
pensiones,discapacidad,2025-03-07,E
pensiones,discapacidad,2025-03-07,F
pensiones,discapacidad,2025-03-10,G
pensiones,discapacidad,2025-03-11,G
pensiones,discapacidad,2025-03-12,H
pensiones,discapacidad,2025-03-12,I
pensiones,discapacidad,2025-03-12,J
pensiones,discapacidad,2025-03-12,K
pensiones,discapacidad,2025-03-13,L
pensiones,discapacidad,2025-03-14,M
pensiones,discapacidad,2025-03-17,M
pensiones,discapacidad,2025-03-18,N
pensiones,discapacidad,2025-03-18,O
pensiones,discapacidad,2025-03-18,Ñ
pensiones,discapacidad,2025-03-19,P
pensiones,discapacidad,2025-03-19,Q
pensiones,discapacidad,2025-03-20,R
pensiones,discapacidad,2025-03-24,R
pensiones,discapacidad,2025-03-25,S
pensiones,discapacidad,2025-03-26,T
pensiones,discapacidad,2025-03-26,U
pensiones,discapacidad,2025-03-26,V
pensiones,discapacidad,2025-03-27,W
pensiones,discapacidad,2025-03-27,X
pensiones,discapacidad,2025-03-27,Y
pensiones,discapacidad,2025-03-27,Z
pensiones,discapacidad,2025-05-07,A
pensiones,discapacidad,2025-05-08,B
pensiones,discapacidad,2025-05-09,C
pensiones,discapacidad,2025-05-12,C
pensiones,discapacidad,2025-05-13,D
pensiones,discapacidad,2025-05-13,E
pensiones,discapacidad,2025-05-13,F
pensiones,discapacidad,2025-05-14,G
pensiones,discapacidad,2025-05-15,G
pensiones,discapacidad,2025-05-16,H
pensiones,discapacidad,2025-05-16,I
pensiones,discapacidad,2025-05-16,J
pensiones,discapacidad,2025-05-16,K
pensiones,discapacidad,2025-05-19,L
pensiones,discapacidad,2025-05-20,M
pensiones,discapacidad,2025-05-21,M
pensiones,discapacidad,2025-05-22,N
pensiones,discapacidad,2025-05-22,O
pensiones,discapacidad,2025-05-22,Ñ
pensiones,discapacidad,2025-05-23,P
pensiones,discapacidad,2025-05-23,Q
pensiones,discapacidad,2025-05-26,R
pensiones,discapacidad,2025-05-27,R
pensiones,discapacidad,2025-05-28,S
pensiones,discapacidad,2025-05-29,T
pensiones,discapacidad,2025-05-29,U
pensiones,discapacidad,2025-05-29,V
pensiones,discapacidad,2025-05-30,W
pensiones,discapacidad,2025-05-30,X
pensiones,discapacidad,2025-05-30,Y
pensiones,discapacidad,2025-05-30,Z
pensiones,discapacidad,2025-07-01,A
pensiones,discapacidad,2025-07-02,B
pensiones,discapacidad,2025-07-03,C
pensiones,discapacidad,2025-07-04,C
pensiones,discapacidad,2025-07-07,D
pensiones,discapacidad,2025-07-07,E
pensiones,discapacidad,2025-07-07,F
pensiones,discapacidad,2025-07-08,G
pensiones,discapacidad,2025-07-09,G
pensiones,discapacidad,2025-07-10,H
pensiones,discapacidad,2025-07-10,I
pensiones,discapacidad,2025-07-10,J
pensiones,discapacidad,2025-07-10,K
pensiones,discapacidad,2025-07-11,L
pensiones,discapacidad,2025-07-14,M
pensiones,discapacidad,2025-07-15,M
pensiones,discapacidad,2025-07-16,N
pensiones,discapacidad,2025-07-16,O
pensiones,discapacidad,2025-07-16,Ñ
pensiones,discapacidad,2025-07-17,P
pensiones,discapacidad,2025-07-17,Q
pensiones,discapacidad,2025-07-18,R
pensiones,discapacidad,2025-07-21,R
pensiones,discapacidad,2025-07-22,S
pensiones,discapacidad,2025-07-23,T
pensiones,discapacidad,2025-07-23,U
pensiones,discapacidad,2025-07-23,V
pensiones,discapacidad,2025-07-24,W
pensiones,discapacidad,2025-07-24,X
pensiones,discapacidad,2025-07-24,Y
pensiones,discapacidad,2025-07-24,Z
pensiones,discapacidad,2025-09-01,A
pensiones,discapacidad,2025-09-02,B
pensiones,discapacidad,2025-09-03,C
pensiones,discapacidad,2025-09-04,C
pensiones,discapacidad,2025-09-05,D
pensiones,discapacidad,2025-09-05,E
pensiones,discapacidad,2025-09-05,F
pensiones,discapacidad,2025-09-08,G
pensiones,discapacidad,2025-09-09,G
pensiones,discapacidad,2025-09-10,H
pensiones,discapacidad,2025-09-10,I
pensiones,discapacidad,2025-09-10,J
pensiones,discapacidad,2025-09-10,K
pensiones,discapacidad,2025-09-11,L
pensiones,discapacidad,2025-09-12,M
pensiones,discapacidad,2025-09-15,M
pensiones,discapacidad,2025-09-17,N
pensiones,discapacidad,2025-09-17,O
pensiones,discapacidad,2025-09-17,Ñ
pensiones,discapacidad,2025-09-18,P
pensiones,discapacidad,2025-09-18,Q
pensiones,discapacidad,2025-09-19,R
pensiones,discapacidad,2025-09-22,R
pensiones,discapacidad,2025-09-23,S
pensiones,discapacidad,2025-09-24,T
pensiones,discapacidad,2025-09-24,U
pensiones,discapacidad,2025-09-24,V
pensiones,discapacidad,2025-09-25,W
pensiones,discapacidad,2025-09-25,X
pensiones,discapacidad,2025-09-25,Y
pensiones,discapacidad,2025-09-25,Z
pensiones,discapacidad,2025-11-03,A
pensiones,discapacidad,2025-11-04,B
pensiones,discapacidad,2025-11-05,C
pensiones,discapacidad,2025-11-06,C
pensiones,discapacidad,2025-11-07,D
pensiones,discapacidad,2025-11-07,E
pensiones,discapacidad,2025-11-07,F
pensiones,discapacidad,2025-11-10,G
pensiones,discapacidad,2025-11-11,G
pensiones,discapacidad,2025-11-12,H
pensiones,discapacidad,2025-11-12,I
pensiones,discapacidad,2025-11-12,J
pensiones,discapacidad,2025-11-12,K
pensiones,discapacidad,2025-11-13,L
pensiones,discapacidad,2025-11-14,M
pensiones,discapacidad,2025-11-18,M
pensiones,discapacidad,2025-11-19,N
pensiones,discapacidad,2025-11-19,O
pensiones,discapacidad,2025-11-19,Ñ
pensiones,discapacidad,2025-11-20,P
pensiones,discapacidad,2025-11-20,Q
pensiones,discapacidad,2025-11-21,R
pensiones,discapacidad,2025-11-24,R
pensiones,discapacidad,2025-11-25,S
pensiones,discapacidad,2025-11-26,T
pensiones,discapacidad,2025-11-26,U
pensiones,discapacidad,2025-11-26,V
pensiones,discapacidad,2025-11-27,W
pensiones,discapacidad,2025-11-27,X
pensiones,discapacidad,2025-11-27,Y
pensiones,discapacidad,2025-11-27,Z
pensiones,discapacidad,2026-01-05,A
pensiones,discapacidad,2026-01-06,B
pensiones,discapacidad,2026-01-07,C
pensiones,discapacidad,2026-01-08,C
pensiones,discapacidad,2026-01-09,D
pensiones,discapacidad,2026-01-09,E
pensiones,discapacidad,2026-01-09,F
pensiones,discapacidad,2026-01-12,G
pensiones,discapacidad,2026-01-13,G
pensiones,discapacidad,2026-01-14,H
pensiones,discapacidad,2026-01-14,I
pensiones,discapacidad,2026-01-14,J
pensiones,discapacidad,2026-01-14,K
pensiones,discapacidad,2026-01-15,L
pensiones,discapacidad,2026-01-16,M
pensiones,discapacidad,2026-01-19,M
pensiones,discapacidad,2026-01-20,N
pensiones,discapacidad,2026-01-20,O
pensiones,discapacidad,2026-01-20,Ñ
pensiones,discapacidad,2026-01-21,P
pensiones,discapacidad,2026-01-21,Q
pensiones,discapacidad,2026-01-22,R
pensiones,discapacidad,2026-01-23,R
pensiones,discapacidad,2026-01-26,S
pensiones,discapacidad,2026-01-27,T
pensiones,discapacidad,2026-01-27,U
pensiones,discapacidad,2026-01-27,V
pensiones,discapacidad,2026-01-28,W
pensiones,discapacidad,2026-01-28,X
pensiones,discapacidad,2026-01-28,Y
pensiones,discapacidad,2026-01-28,Z
pensiones,madres_trabajadoras,2023-03-02,A
pensiones,madres_trabajadoras,2023-03-02,B
pensiones,madres_trabajadoras,2023-03-03,C
pensiones,madres_trabajadoras,2023-03-06,D
pensiones,madres_trabajadoras,2023-03-06,E
pensiones,madres_trabajadoras,2023-03-06,F
pensiones,madres_trabajadoras,2023-03-07,G
pensiones,madres_trabajadoras,2023-03-08,H
pensiones,madres_trabajadoras,2023-03-08,I
pensiones,madres_trabajadoras,2023-03-08,J
pensiones,madres_trabajadoras,2023-03-08,K
pensiones,madres_trabajadoras,2023-03-08,L
pensiones,madres_trabajadoras,2023-03-09,M
pensiones,madres_trabajadoras,2023-03-10,N
pensiones,madres_trabajadoras,2023-03-10,O
pensiones,madres_trabajadoras,2023-03-10,P
pensiones,madres_trabajadoras,2023-03-10,Q
pensiones,madres_trabajadoras,2023-03-10,Ñ
pensiones,madres_trabajadoras,2023-03-13,R
pensiones,madres_trabajadoras,2023-03-14,S
pensiones,madres_trabajadoras,2023-03-14,T
pensiones,madres_trabajadoras,2023-03-14,U
pensiones,madres_trabajadoras,2023-03-15,V
pensiones,madres_trabajadoras,2023-03-15,W
pensiones,madres_trabajadoras,2023-03-15,X
pensiones,madres_trabajadoras,2023-03-15,Y
pensiones,madres_trabajadoras,2023-03-15,Z
pensiones,madres_trabajadoras,2023-05-03,A
pensiones,madres_trabajadoras,2023-05-03,B
pensiones,madres_trabajadoras,2023-05-04,C
pensiones,madres_trabajadoras,2023-05-05,D
pensiones,madres_trabajadoras,2023-05-05,E
pensiones,madres_trabajadoras,2023-05-05,F
pensiones,madres_trabajadoras,2023-05-09,G
pensiones,madres_trabajadoras,2023-05-10,H
pensiones,madres_trabajadoras,2023-05-10,I
pensiones,madres_trabajadoras,2023-05-10,J
pensiones,madres_trabajadoras,2023-05-10,K
pensiones,madres_trabajadoras,2023-05-10,L
pensiones,madres_trabajadoras,2023-05-11,M
pensiones,madres_trabajadoras,2023-05-12,N
pensiones,madres_trabajadoras,2023-05-12,O
pensiones,madres_trabajadoras,2023-05-12,P
pensiones,madres_trabajadoras,2023-05-12,Q
pensiones,madres_trabajadoras,2023-05-12,Ñ
pensiones,madres_trabajadoras,2023-05-15,R
pensiones,madres_trabajadoras,2023-05-16,S
pensiones,madres_trabajadoras,2023-05-16,T
pensiones,madres_trabajadoras,2023-05-16,U
pensiones,madres_trabajadoras,2023-05-17,V
pensiones,madres_trabajadoras,2023-05-17,W
pensiones,madres_trabajadoras,2023-05-17,X
pensiones,madres_trabajadoras,2023-05-17,Y
pensiones,madres_trabajadoras,2023-05-17,Z
pensiones,madres_trabajadoras,2023-07-04,A
pensiones,madres_trabajadoras,2023-07-04,B
pensiones,madres_trabajadoras,2023-07-05,C
pensiones,madres_trabajadoras,2023-07-06,D
pensiones,madres_trabajadoras,2023-07-06,E
pensiones,madres_trabajadoras,2023-07-06,F
pensiones,madres_trabajadoras,2023-07-07,G
pensiones,madres_trabajadoras,2023-07-10,H
pensiones,madres_trabajadoras,2023-07-10,I
pensiones,madres_trabajadoras,2023-07-10,J
pensiones,madres_trabajadoras,2023-07-10,K
pensiones,madres_trabajadoras,2023-07-10,L
pensiones,madres_trabajadoras,2023-07-11,M
pensiones,madres_trabajadoras,2023-07-12,N
pensiones,madres_trabajadoras,2023-07-12,O
pensiones,madres_trabajadoras,2023-07-12,P
pensiones,madres_trabajadoras,2023-07-12,Q
pensiones,madres_trabajadoras,2023-07-12,Ñ
pensiones,madres_trabajadoras,2023-07-13,R
pensiones,madres_trabajadoras,2023-07-14,S
pensiones,madres_trabajadoras,2023-07-14,T
pensiones,madres_trabajadoras,2023-07-14,U
pensiones,madres_trabajadoras,2023-07-17,V
pensiones,madres_trabajadoras,2023-07-17,W
pensiones,madres_trabajadoras,2023-07-17,X
pensiones,madres_trabajadoras,2023-07-17,Y
pensiones,madres_trabajadoras,2023-07-17,Z
pensiones,madres_trabajadoras,2023-09-07,A
pensiones,madres_trabajadoras,2023-09-08,B
pensiones,madres_trabajadoras,2023-09-11,C
pensiones,madres_trabajadoras,2023-09-12,D
pensiones,madres_trabajadoras,2023-09-12,E
pensiones,madres_trabajadoras,2023-09-12,F
pensiones,madres_trabajadoras,2023-09-13,G
pensiones,madres_trabajadoras,2023-09-14,H
pensiones,madres_trabajadoras,2023-09-18,I
pensiones,madres_trabajadoras,2023-09-18,J
pensiones,madres_trabajadoras,2023-09-18,K
pensiones,madres_trabajadoras,2023-09-19,L
pensiones,madres_trabajadoras,2023-09-20,M
pensiones,madres_trabajadoras,2023-09-21,N
pensiones,madres_trabajadoras,2023-09-21,O
pensiones,madres_trabajadoras,2023-09-21,Ñ
pensiones,madres_trabajadoras,2023-09-22,P
pensiones,madres_trabajadoras,2023-09-22,Q
pensiones,madres_trabajadoras,2023-09-25,R
pensiones,madres_trabajadoras,2023-09-26,S
pensiones,madres_trabajadoras,2023-09-27,T
pensiones,madres_trabajadoras,2023-09-27,U
pensiones,madres_trabajadoras,2023-09-28,V
pensiones,madres_trabajadoras,2023-09-28,W
pensiones,madres_trabajadoras,2023-09-28,X
pensiones,madres_trabajadoras,2023-09-28,Y
pensiones,madres_trabajadoras,2023-09-28,Z
pensiones,madres_trabajadoras,2023-11-06,A
pensiones,madres_trabajadoras,2023-11-07,B
pensiones,madres_trabajadoras,2023-11-08,C
pensiones,madres_trabajadoras,2023-11-09,C
pensiones,madres_trabajadoras,2023-11-10,D
pensiones,madres_trabajadoras,2023-11-10,E
pensiones,madres_trabajadoras,2023-11-10,F
pensiones,madres_trabajadoras,2023-11-13,G
pensiones,madres_trabajadoras,2023-11-14,G
pensiones,madres_trabajadoras,2023-11-15,H
pensiones,madres_trabajadoras,2023-11-15,I
pensiones,madres_trabajadoras,2023-11-15,J
pensiones,madres_trabajadoras,2023-11-15,K
pensiones,madres_trabajadoras,2023-11-16,L
pensiones,madres_trabajadoras,2023-11-17,M
pensiones,madres_trabajadoras,2023-11-21,M
pensiones,madres_trabajadoras,2023-11-22,N
pensiones,madres_trabajadoras,2023-11-22,O
pensiones,madres_trabajadoras,2023-11-22,Ñ
pensiones,madres_trabajadoras,2023-11-23,P
pensiones,madres_trabajadoras,2023-11-23,Q
pensiones,madres_trabajadoras,2023-11-24,R
pensiones,madres_trabajadoras,2023-11-27,R
pensiones,madres_trabajadoras,2023-11-28,S
pensiones,madres_trabajadoras,2023-11-29,T
pensiones,madres_trabajadoras,2023-11-29,U
pensiones,madres_trabajadoras,2023-11-30,V
pensiones,madres_trabajadoras,2023-11-30,W
pensiones,madres_trabajadoras,2023-11-30,X
pensiones,madres_trabajadoras,2023-11-30,Y
pensiones,madres_trabajadoras,2023-11-30,Z
pensiones,madres_trabajadoras,2024-01-03,A
pensiones,madres_trabajadoras,2024-01-04,B
pensiones,madres_trabajadoras,2024-01-05,C
pensiones,madres_trabajadoras,2024-01-08,C
pensiones,madres_trabajadoras,2024-01-09,D
pensiones,madres_trabajadoras,2024-01-09,E
pensiones,madres_trabajadoras,2024-01-09,F
pensiones,madres_trabajadoras,2024-01-10,G
pensiones,madres_trabajadoras,2024-01-11,G
pensiones,madres_trabajadoras,2024-01-12,H
pensiones,madres_trabajadoras,2024-01-12,I
pensiones,madres_trabajadoras,2024-01-12,J
pensiones,madres_trabajadoras,2024-01-12,K
pensiones,madres_trabajadoras,2024-01-15,L
pensiones,madres_trabajadoras,2024-01-16,M
pensiones,madres_trabajadoras,2024-01-17,M
pensiones,madres_trabajadoras,2024-01-18,N
pensiones,madres_trabajadoras,2024-01-18,O
pensiones,madres_trabajadoras,2024-01-18,Ñ
pensiones,madres_trabajadoras,2024-01-19,P
pensiones,madres_trabajadoras,2024-01-19,Q
pensiones,madres_trabajadoras,2024-01-22,R
pensiones,madres_trabajadoras,2024-01-23,R
pensiones,madres_trabajadoras,2024-01-24,S
pensiones,madres_trabajadoras,2024-01-25,T
pensiones,madres_trabajadoras,2024-01-25,U
pensiones,madres_trabajadoras,2024-01-26,V
pensiones,madres_trabajadoras,2024-01-26,W
pensiones,madres_trabajadoras,2024-01-26,X
pensiones,madres_trabajadoras,2024-01-26,Y
pensiones,madres_trabajadoras,2024-01-26,Z
pensiones,madres_trabajadoras,2024-01-29,A
pensiones,madres_trabajadoras,2024-01-30,B
pensiones,madres_trabajadoras,2024-01-31,C
pensiones,madres_trabajadoras,2024-02-01,C
pensiones,madres_trabajadoras,2024-02-02,D
pensiones,madres_trabajadoras,2024-02-02,E
pensiones,madres_trabajadoras,2024-02-02,F
pensiones,madres_trabajadoras,2024-02-06,G
pensiones,madres_trabajadoras,2024-02-07,G
pensiones,madres_trabajadoras,2024-02-08,H
pensiones,madres_trabajadoras,2024-02-09,I
pensiones,madres_trabajadoras,2024-02-09,J
pensiones,madres_trabajadoras,2024-02-09,K
pensiones,madres_trabajadoras,2024-02-12,L
pensiones,madres_trabajadoras,2024-02-13,M
pensiones,madres_trabajadoras,2024-02-14,M
pensiones,madres_trabajadoras,2024-02-15,N
pensiones,madres_trabajadoras,2024-02-15,O
pensiones,madres_trabajadoras,2024-02-15,Ñ
pensiones,madres_trabajadoras,2024-02-16,P
pensiones,madres_trabajadoras,2024-02-16,Q
pensiones,madres_trabajadoras,2024-02-19,R
pensiones,madres_trabajadoras,2024-02-20,R
pensiones,madres_trabajadoras,2024-02-21,S
pensiones,madres_trabajadoras,2024-02-22,T
pensiones,madres_trabajadoras,2024-02-22,U
pensiones,madres_trabajadoras,2024-02-23,V
pensiones,madres_trabajadoras,2024-02-23,W
pensiones,madres_trabajadoras,2024-02-23,X
pensiones,madres_trabajadoras,2024-02-23,Y
pensiones,madres_trabajadoras,2024-02-23,Z
pensiones,madres_trabajadoras,2024-07-01,A
pensiones,madres_trabajadoras,2024-07-02,B
pensiones,madres_trabajadoras,2024-07-03,C
pensiones,madres_trabajadoras,2024-07-04,C
pensiones,madres_trabajadoras,2024-07-05,D
pensiones,madres_trabajadoras,2024-07-05,E
pensiones,madres_trabajadoras,2024-07-05,F
pensiones,madres_trabajadoras,2024-07-06,G
pensiones,madres_trabajadoras,2024-07-08,G
pensiones,madres_trabajadoras,2024-07-09,H
pensiones,madres_trabajadoras,2024-07-09,I
pensiones,madres_trabajadoras,2024-07-09,J
pensiones,madres_trabajadoras,2024-07-09,K
pensiones,madres_trabajadoras,2024-07-10,L
pensiones,madres_trabajadoras,2024-07-11,M
pensiones,madres_trabajadoras,2024-07-12,M
pensiones,madres_trabajadoras,2024-07-13,N
pensiones,madres_trabajadoras,2024-07-13,O
pensiones,madres_trabajadoras,2024-07-13,P
pensiones,madres_trabajadoras,2024-07-13,Q
pensiones,madres_trabajadoras,2024-07-13,Ñ
pensiones,madres_trabajadoras,2024-07-15,R
pensiones,madres_trabajadoras,2024-07-16,R
pensiones,madres_trabajadoras,2024-07-17,S
pensiones,madres_trabajadoras,2024-07-18,T
pensiones,madres_trabajadoras,2024-07-19,U
pensiones,madres_trabajadoras,2024-07-19,V
pensiones,madres_trabajadoras,2024-07-19,W
pensiones,madres_trabajadoras,2024-07-19,X
pensiones,madres_trabajadoras,2024-07-19,Y
pensiones,madres_trabajadoras,2024-07-19,Z
pensiones,madres_trabajadoras,2024-09-02,A
pensiones,madres_trabajadoras,2024-09-03,B
pensiones,madres_trabajadoras,2024-09-04,C
pensiones,madres_trabajadoras,2024-09-05,C
pensiones,madres_trabajadoras,2024-09-06,D
pensiones,madres_trabajadoras,2024-09-06,E
pensiones,madres_trabajadoras,2024-09-06,F
pensiones,madres_trabajadoras,2024-09-07,G
pensiones,madres_trabajadoras,2024-09-09,G
pensiones,madres_trabajadoras,2024-09-10,H
pensiones,madres_trabajadoras,2024-09-10,I
pensiones,madres_trabajadoras,2024-09-10,J
pensiones,madres_trabajadoras,2024-09-10,K
pensiones,madres_trabajadoras,2024-09-11,L
pensiones,madres_trabajadoras,2024-09-12,M
pensiones,madres_trabajadoras,2024-09-13,M
pensiones,madres_trabajadoras,2024-09-14,N
pensiones,madres_trabajadoras,2024-09-14,O
pensiones,madres_trabajadoras,2024-09-14,P
pensiones,madres_trabajadoras,2024-09-14,Q
pensiones,madres_trabajadoras,2024-09-14,Ñ
pensiones,madres_trabajadoras,2024-09-18,R
pensiones,madres_trabajadoras,2024-09-19,S
pensiones,madres_trabajadoras,2024-09-20,T
pensiones,madres_trabajadoras,2024-09-20,U
pensiones,madres_trabajadoras,2024-09-20,V
pensiones,madres_trabajadoras,2024-09-21,W
pensiones,madres_trabajadoras,2024-09-21,X
pensiones,madres_trabajadoras,2024-09-21,Y
pensiones,madres_trabajadoras,2024-09-21,Z
pensiones,madres_trabajadoras,2024-11-04,A
pensiones,madres_trabajadoras,2024-11-05,B
pensiones,madres_trabajadoras,2024-11-06,C
pensiones,madres_trabajadoras,2024-11-07,C
pensiones,madres_trabajadoras,2024-11-08,D
pensiones,madres_trabajadoras,2024-11-08,E
pensiones,madres_trabajadoras,2024-11-08,F
pensiones,madres_trabajadoras,2024-11-11,G
pensiones,madres_trabajadoras,2024-11-12,G
pensiones,madres_trabajadoras,2024-11-13,H
pensiones,madres_trabajadoras,2024-11-13,I
pensiones,madres_trabajadoras,2024-11-13,J
pensiones,madres_trabajadoras,2024-11-13,K
pensiones,madres_trabajadoras,2024-11-14,L
pensiones,madres_trabajadoras,2024-11-15,M
pensiones,madres_trabajadoras,2024-11-19,M
pensiones,madres_trabajadoras,2024-11-20,N
pensiones,madres_trabajadoras,2024-11-20,O
pensiones,madres_trabajadoras,2024-11-20,Ñ
pensiones,madres_trabajadoras,2024-11-21,P
pensiones,madres_trabajadoras,2024-11-21,Q
pensiones,madres_trabajadoras,2024-11-22,R
pensiones,madres_trabajadoras,2024-11-25,R
pensiones,madres_trabajadoras,2024-11-26,S
pensiones,madres_trabajadoras,2024-11-27,T
pensiones,madres_trabajadoras,2024-11-27,U
pensiones,madres_trabajadoras,2024-11-27,V
pensiones,madres_trabajadoras,2024-11-28,W
pensiones,madres_trabajadoras,2024-11-28,X
pensiones,madres_trabajadoras,2024-11-28,Y
pensiones,madres_trabajadoras,2024-11-28,Z
pensiones,madres_trabajadoras,2025-01-02,A
pensiones,madres_trabajadoras,2025-01-03,B
pensiones,madres_trabajadoras,2025-01-04,C
pensiones,madres_trabajadoras,2025-01-06,C
pensiones,madres_trabajadoras,2025-01-07,D
pensiones,madres_trabajadoras,2025-01-07,E
pensiones,madres_trabajadoras,2025-01-07,F
pensiones,madres_trabajadoras,2025-01-08,G
pensiones,madres_trabajadoras,2025-01-09,G
pensiones,madres_trabajadoras,2025-01-10,H
pensiones,madres_trabajadoras,2025-01-10,I
pensiones,madres_trabajadoras,2025-01-10,J
pensiones,madres_trabajadoras,2025-01-10,K
pensiones,madres_trabajadoras,2025-01-11,L
pensiones,madres_trabajadoras,2025-01-13,M
pensiones,madres_trabajadoras,2025-01-14,M
pensiones,madres_trabajadoras,2025-01-15,N
pensiones,madres_trabajadoras,2025-01-15,O
pensiones,madres_trabajadoras,2025-01-15,Ñ
pensiones,madres_trabajadoras,2025-01-16,P
pensiones,madres_trabajadoras,2025-01-16,Q
pensiones,madres_trabajadoras,2025-01-17,R
pensiones,madres_trabajadoras,2025-01-18,R
pensiones,madres_trabajadoras,2025-01-20,S
pensiones,madres_trabajadoras,2025-01-21,T
pensiones,madres_trabajadoras,2025-01-21,U
pensiones,madres_trabajadoras,2025-01-21,V
pensiones,madres_trabajadoras,2025-01-22,W
pensiones,madres_trabajadoras,2025-01-22,X
pensiones,madres_trabajadoras,2025-01-22,Y
pensiones,madres_trabajadoras,2025-01-22,Z
pensiones,madres_trabajadoras,2025-03-03,A
pensiones,madres_trabajadoras,2025-03-04,B
pensiones,madres_trabajadoras,2025-03-05,C
pensiones,madres_trabajadoras,2025-03-06,C
pensiones,madres_trabajadoras,2025-03-07,D
pensiones,madres_trabajadoras,2025-03-07,E
pensiones,madres_trabajadoras,2025-03-07,F
pensiones,madres_trabajadoras,2025-03-10,G
pensiones,madres_trabajadoras,2025-03-11,G
pensiones,madres_trabajadoras,2025-03-12,H
pensiones,madres_trabajadoras,2025-03-12,I
pensiones,madres_trabajadoras,2025-03-12,J
pensiones,madres_trabajadoras,2025-03-12,K
pensiones,madres_trabajadoras,2025-03-13,L
pensiones,madres_trabajadoras,2025-03-14,M
pensiones,madres_trabajadoras,2025-03-17,M
pensiones,madres_trabajadoras,2025-03-18,N
pensiones,madres_trabajadoras,2025-03-18,O
pensiones,madres_trabajadoras,2025-03-18,Ñ
pensiones,madres_trabajadoras,2025-03-19,P
pensiones,madres_trabajadoras,2025-03-19,Q
pensiones,madres_trabajadoras,2025-03-20,R
pensiones,madres_trabajadoras,2025-03-24,R
pensiones,madres_trabajadoras,2025-03-25,S
pensiones,madres_trabajadoras,2025-03-26,T
pensiones,madres_trabajadoras,2025-03-26,U
pensiones,madres_trabajadoras,2025-03-26,V
pensiones,madres_trabajadoras,2025-03-27,W
pensiones,madres_trabajadoras,2025-03-27,X
pensiones,madres_trabajadoras,2025-03-27,Y
pensiones,madres_trabajadoras,2025-03-27,Z
pensiones,madres_trabajadoras,2025-05-07,A
pensiones,madres_trabajadoras,2025-05-08,B
pensiones,madres_trabajadoras,2025-05-09,C
pensiones,madres_trabajadoras,2025-05-12,C
pensiones,madres_trabajadoras,2025-05-13,D
pensiones,madres_trabajadoras,2025-05-13,E
pensiones,madres_trabajadoras,2025-05-13,F
pensiones,madres_trabajadoras,2025-05-14,G
pensiones,madres_trabajadoras,2025-05-15,G
pensiones,madres_trabajadoras,2025-05-16,H
pensiones,madres_trabajadoras,2025-05-16,I
pensiones,madres_trabajadoras,2025-05-16,J
pensiones,madres_trabajadoras,2025-05-16,K
pensiones,madres_trabajadoras,2025-05-19,L
pensiones,madres_trabajadoras,2025-05-20,M
pensiones,madres_trabajadoras,2025-05-21,M
pensiones,madres_trabajadoras,2025-05-22,N
pensiones,madres_trabajadoras,2025-05-22,O
pensiones,madres_trabajadoras,2025-05-22,Ñ
pensiones,madres_trabajadoras,2025-05-23,P
pensiones,madres_trabajadoras,2025-05-23,Q
pensiones,madres_trabajadoras,2025-05-26,R
pensiones,madres_trabajadoras,2025-05-27,R
pensiones,madres_trabajadoras,2025-05-28,S
pensiones,madres_trabajadoras,2025-05-29,T
pensiones,madres_trabajadoras,2025-05-29,U
pensiones,madres_trabajadoras,2025-05-29,V
pensiones,madres_trabajadoras,2025-05-30,W
pensiones,madres_trabajadoras,2025-05-30,X
pensiones,madres_trabajadoras,2025-05-30,Y
pensiones,madres_trabajadoras,2025-05-30,Z
pensiones,madres_trabajadoras,2025-07-01,A
pensiones,madres_trabajadoras,2025-07-02,B
pensiones,madres_trabajadoras,2025-07-03,C
pensiones,madres_trabajadoras,2025-07-04,C
pensiones,madres_trabajadoras,2025-07-07,D
pensiones,madres_trabajadoras,2025-07-07,E
pensiones,madres_trabajadoras,2025-07-07,F
pensiones,madres_trabajadoras,2025-07-08,G
pensiones,madres_trabajadoras,2025-07-09,G
pensiones,madres_trabajadoras,2025-07-10,H
pensiones,madres_trabajadoras,2025-07-10,I
pensiones,madres_trabajadoras,2025-07-10,J
pensiones,madres_trabajadoras,2025-07-10,K
pensiones,madres_trabajadoras,2025-07-11,L
pensiones,madres_trabajadoras,2025-07-14,M
pensiones,madres_trabajadoras,2025-07-15,M
pensiones,madres_trabajadoras,2025-07-16,N
pensiones,madres_trabajadoras,2025-07-16,O
pensiones,madres_trabajadoras,2025-07-16,Ñ
pensiones,madres_trabajadoras,2025-07-17,P
pensiones,madres_trabajadoras,2025-07-17,Q
pensiones,madres_trabajadoras,2025-07-18,R
pensiones,madres_trabajadoras,2025-07-21,R
pensiones,madres_trabajadoras,2025-07-22,S
pensiones,madres_trabajadoras,2025-07-23,T
pensiones,madres_trabajadoras,2025-07-23,U
pensiones,madres_trabajadoras,2025-07-23,V
pensiones,madres_trabajadoras,2025-07-24,W
pensiones,madres_trabajadoras,2025-07-24,X
pensiones,madres_trabajadoras,2025-07-24,Y
pensiones,madres_trabajadoras,2025-07-24,Z
pensiones,madres_trabajadoras,2025-09-01,A
pensiones,madres_trabajadoras,2025-09-02,B
pensiones,madres_trabajadoras,2025-09-03,C
pensiones,madres_trabajadoras,2025-09-04,C
pensiones,madres_trabajadoras,2025-09-05,D
pensiones,madres_trabajadoras,2025-09-05,E
pensiones,madres_trabajadoras,2025-09-05,F
pensiones,madres_trabajadoras,2025-09-08,G
pensiones,madres_trabajadoras,2025-09-09,G
pensiones,madres_trabajadoras,2025-09-10,H
pensiones,madres_trabajadoras,2025-09-10,I
pensiones,madres_trabajadoras,2025-09-10,J
pensiones,madres_trabajadoras,2025-09-10,K
pensiones,madres_trabajadoras,2025-09-11,L
pensiones,madres_trabajadoras,2025-09-12,M
pensiones,madres_trabajadoras,2025-09-15,M
pensiones,madres_trabajadoras,2025-09-17,N
pensiones,madres_trabajadoras,2025-09-17,O
pensiones,madres_trabajadoras,2025-09-17,Ñ
pensiones,madres_trabajadoras,2025-09-18,P
pensiones,madres_trabajadoras,2025-09-18,Q
pensiones,madres_trabajadoras,2025-09-19,R
pensiones,madres_trabajadoras,2025-09-22,R
pensiones,madres_trabajadoras,2025-09-23,S
pensiones,madres_trabajadoras,2025-09-24,T
pensiones,madres_trabajadoras,2025-09-24,U
pensiones,madres_trabajadoras,2025-09-24,V
pensiones,madres_trabajadoras,2025-09-25,W
pensiones,madres_trabajadoras,2025-09-25,X
pensiones,madres_trabajadoras,2025-09-25,Y
pensiones,madres_trabajadoras,2025-09-25,Z
pensiones,madres_trabajadoras,2025-11-03,A
pensiones,madres_trabajadoras,2025-11-04,B
pensiones,madres_trabajadoras,2025-11-05,C
pensiones,madres_trabajadoras,2025-11-06,C
pensiones,madres_trabajadoras,2025-11-07,D
pensiones,madres_trabajadoras,2025-11-07,E
pensiones,madres_trabajadoras,2025-11-07,F
pensiones,madres_trabajadoras,2025-11-10,G
pensiones,madres_trabajadoras,2025-11-11,G
pensiones,madres_trabajadoras,2025-11-12,H
pensiones,madres_trabajadoras,2025-11-12,I
pensiones,madres_trabajadoras,2025-11-12,J
pensiones,madres_trabajadoras,2025-11-12,K
pensiones,madres_trabajadoras,2025-11-13,L
pensiones,madres_trabajadoras,2025-11-14,M
pensiones,madres_trabajadoras,2025-11-18,M
pensiones,madres_trabajadoras,2025-11-19,N
pensiones,madres_trabajadoras,2025-11-19,O
pensiones,madres_trabajadoras,2025-11-19,Ñ
pensiones,madres_trabajadoras,2025-11-20,P
pensiones,madres_trabajadoras,2025-11-20,Q
pensiones,madres_trabajadoras,2025-11-21,R
pensiones,madres_trabajadoras,2025-11-24,R
pensiones,madres_trabajadoras,2025-11-25,S
pensiones,madres_trabajadoras,2025-11-26,T
pensiones,madres_trabajadoras,2025-11-26,U
pensiones,madres_trabajadoras,2025-11-26,V
pensiones,madres_trabajadoras,2025-11-27,W
pensiones,madres_trabajadoras,2025-11-27,X
pensiones,madres_trabajadoras,2025-11-27,Y
pensiones,madres_trabajadoras,2025-11-27,Z
pensiones,madres_trabajadoras,2026-01-05,A
pensiones,madres_trabajadoras,2026-01-06,B
pensiones,madres_trabajadoras,2026-01-07,C
pensiones,madres_trabajadoras,2026-01-08,C
pensiones,madres_trabajadoras,2026-01-09,D
pensiones,madres_trabajadoras,2026-01-09,E
pensiones,madres_trabajadoras,2026-01-09,F
pensiones,madres_trabajadoras,2026-01-12,G
pensiones,madres_trabajadoras,2026-01-13,G
pensiones,madres_trabajadoras,2026-01-14,H
pensiones,madres_trabajadoras,2026-01-14,I
pensiones,madres_trabajadoras,2026-01-14,J
pensiones,madres_trabajadoras,2026-01-14,K
pensiones,madres_trabajadoras,2026-01-15,L
pensiones,madres_trabajadoras,2026-01-16,M
pensiones,madres_trabajadoras,2026-01-19,M
pensiones,madres_trabajadoras,2026-01-20,N
pensiones,madres_trabajadoras,2026-01-20,O
pensiones,madres_trabajadoras,2026-01-20,Ñ
pensiones,madres_trabajadoras,2026-01-21,P
pensiones,madres_trabajadoras,2026-01-21,Q
pensiones,madres_trabajadoras,2026-01-22,R
pensiones,madres_trabajadoras,2026-01-23,R
pensiones,madres_trabajadoras,2026-01-26,S
pensiones,madres_trabajadoras,2026-01-27,T
pensiones,madres_trabajadoras,2026-01-27,U
pensiones,madres_trabajadoras,2026-01-27,V
pensiones,madres_trabajadoras,2026-01-28,W
pensiones,madres_trabajadoras,2026-01-28,X
pensiones,madres_trabajadoras,2026-01-28,Y
pensiones,madres_trabajadoras,2026-01-28,Z
pensiones,mujeres_bienestar,2025-11-18,A
pensiones,mujeres_bienestar,2025-11-18,B
pensiones,mujeres_bienestar,2025-11-18,C
pensiones,mujeres_bienestar,2025-11-18,D
pensiones,mujeres_bienestar,2025-11-19,E
pensiones,mujeres_bienestar,2025-11-19,F
pensiones,mujeres_bienestar,2025-11-19,G
pensiones,mujeres_bienestar,2025-11-19,H
pensiones,mujeres_bienestar,2025-11-19,I
pensiones,mujeres_bienestar,2025-11-19,J
pensiones,mujeres_bienestar,2025-11-19,K
pensiones,mujeres_bienestar,2025-11-20,L
pensiones,mujeres_bienestar,2025-11-20,M
pensiones,mujeres_bienestar,2025-11-20,N
pensiones,mujeres_bienestar,2025-11-20,O
pensiones,mujeres_bienestar,2025-11-20,P
pensiones,mujeres_bienestar,2025-11-20,Q
pensiones,mujeres_bienestar,2025-11-20,Ñ
pensiones,mujeres_bienestar,2025-11-21,R
pensiones,mujeres_bienestar,2025-11-21,S
pensiones,mujeres_bienestar,2025-11-21,T
pensiones,mujeres_bienestar,2025-11-21,U
pensiones,mujeres_bienestar,2025-11-21,V
pensiones,mujeres_bienestar,2025-11-21,W
pensiones,mujeres_bienestar,2025-11-21,X
pensiones,mujeres_bienestar,2025-11-21,Y
pensiones,mujeres_bienestar,2025-11-21,Z
pensiones,mujeres_bienestar,2026-01-05,A
pensiones,mujeres_bienestar,2026-01-06,B
pensiones,mujeres_bienestar,2026-01-07,C
pensiones,mujeres_bienestar,2026-01-08,C
pensiones,mujeres_bienestar,2026-01-09,D
pensiones,mujeres_bienestar,2026-01-09,E
pensiones,mujeres_bienestar,2026-01-09,F
pensiones,mujeres_bienestar,2026-01-12,G
pensiones,mujeres_bienestar,2026-01-13,G
pensiones,mujeres_bienestar,2026-01-14,H
pensiones,mujeres_bienestar,2026-01-14,I
pensiones,mujeres_bienestar,2026-01-14,J
pensiones,mujeres_bienestar,2026-01-14,K
pensiones,mujeres_bienestar,2026-01-15,L
pensiones,mujeres_bienestar,2026-01-16,M
pensiones,mujeres_bienestar,2026-01-19,M
pensiones,mujeres_bienestar,2026-01-20,N
pensiones,mujeres_bienestar,2026-01-20,O
pensiones,mujeres_bienestar,2026-01-20,Ñ
pensiones,mujeres_bienestar,2026-01-21,P
pensiones,mujeres_bienestar,2026-01-21,Q
pensiones,mujeres_bienestar,2026-01-22,R
pensiones,mujeres_bienestar,2026-01-23,R
pensiones,mujeres_bienestar,2026-01-26,S
pensiones,mujeres_bienestar,2026-01-27,T
pensiones,mujeres_bienestar,2026-01-27,U
pensiones,mujeres_bienestar,2026-01-27,V
pensiones,mujeres_bienestar,2026-01-28,W
pensiones,mujeres_bienestar,2026-01-28,X
pensiones,mujeres_bienestar,2026-01-28,Y
pensiones,mujeres_bienestar,2026-01-28,Z
sembrando_vida,sembrando_vida,2023-03-02,A
sembrando_vida,sembrando_vida,2023-03-02,B
sembrando_vida,sembrando_vida,2023-03-03,C
sembrando_vida,sembrando_vida,2023-03-06,D
sembrando_vida,sembrando_vida,2023-03-06,E
sembrando_vida,sembrando_vida,2023-03-06,F
sembrando_vida,sembrando_vida,2023-03-07,G
sembrando_vida,sembrando_vida,2023-03-08,H
sembrando_vida,sembrando_vida,2023-03-08,I
sembrando_vida,sembrando_vida,2023-03-08,J
sembrando_vida,sembrando_vida,2023-03-08,K
sembrando_vida,sembrando_vida,2023-03-08,L
sembrando_vida,sembrando_vida,2023-03-09,M
sembrando_vida,sembrando_vida,2023-03-10,N
sembrando_vida,sembrando_vida,2023-03-10,O
sembrando_vida,sembrando_vida,2023-03-10,P
sembrando_vida,sembrando_vida,2023-03-10,Q
sembrando_vida,sembrando_vida,2023-03-10,Ñ
sembrando_vida,sembrando_vida,2023-03-13,R
sembrando_vida,sembrando_vida,2023-03-14,S
sembrando_vida,sembrando_vida,2023-03-14,T
sembrando_vida,sembrando_vida,2023-03-14,U
sembrando_vida,sembrando_vida,2023-03-15,V
sembrando_vida,sembrando_vida,2023-03-15,W
sembrando_vida,sembrando_vida,2023-03-15,X
sembrando_vida,sembrando_vida,2023-03-15,Y
sembrando_vida,sembrando_vida,2023-03-15,Z
sembrando_vida,sembrando_vida,2023-05-03,A
sembrando_vida,sembrando_vida,2023-05-03,B
sembrando_vida,sembrando_vida,2023-05-04,C
sembrando_vida,sembrando_vida,2023-05-05,D
sembrando_vida,sembrando_vida,2023-05-05,E
sembrando_vida,sembrando_vida,2023-05-05,F
sembrando_vida,sembrando_vida,2023-05-09,G
sembrando_vida,sembrando_vida,2023-05-10,H
sembrando_vida,sembrando_vida,2023-05-10,I
sembrando_vida,sembrando_vida,2023-05-10,J
sembrando_vida,sembrando_vida,2023-05-10,K
sembrando_vida,sembrando_vida,2023-05-10,L
sembrando_vida,sembrando_vida,2023-05-11,M
sembrando_vida,sembrando_vida,2023-05-12,N
sembrando_vida,sembrando_vida,2023-05-12,O
sembrando_vida,sembrando_vida,2023-05-12,P
sembrando_vida,sembrando_vida,2023-05-12,Q
sembrando_vida,sembrando_vida,2023-05-12,Ñ
sembrando_vida,sembrando_vida,2023-05-15,R
sembrando_vida,sembrando_vida,2023-05-16,S
sembrando_vida,sembrando_vida,2023-05-16,T
sembrando_vida,sembrando_vida,2023-05-16,U
sembrando_vida,sembrando_vida,2023-05-17,V
sembrando_vida,sembrando_vida,2023-05-17,W
sembrando_vida,sembrando_vida,2023-05-17,X
sembrando_vida,sembrando_vida,2023-05-17,Y
sembrando_vida,sembrando_vida,2023-05-17,Z
sembrando_vida,sembrando_vida,2024-09-09,TODOS
sembrando_vida,sembrando_vida,2024-11-12,TODOS
sembrando_vida,sembrando_vida,2025-11-07,TODOS
